{
    "core": {
        "version": "3.1.0.34077"
    },
    "opt": {
        "props": {
            "capabilities": [
                "bsp_gen4",
                "capsense",
                "cat2",
                "cy8ckit_040t",
                "enclosure",
                "flash_64k",
                "hal",
                "i2c",
                "led",
                "low_power",
                "mcu_gp",
                "msc_button",
                "msc_proximity",
                "msc_touchpad",
                "msclp",
                "psoc4",
                "serial_led",
                "spi",
                "sram_8k",
                "uart"
            ],
            "dependencies": {
                "core-lib": "release-v1.4.0",
                "core-make": "release-v3.2.2",
                "mtb-pdl-cat2": "release-v2.5.0",
                "recipe-make-cat2": "release-v2.1.1"
            },
            "docs_dir": "docs",
            "flow_version": "2.0",
            "min_tools": "3.0.0",
            "template": {
                "id": "mtb-template-cat2",
                "version": "release-v1.2.1"
            }
        }
    }
}
